{"cameraMode":{"drawMode":0,"name":"Shaded","section":"Shading Mode"},"sceneLighting":false,"audioPlay":false,"sceneViewState":{"m_AlwaysRefresh":false,"showFog":true,"showSkybox":false,"showFlares":true,"showImageEffects":true,"showParticleSystems":true,"showVisualEffectGraphs":true,"m_FxEnabled":true},"in2DMode":false,"pivot":{"x":-1.8258217573165894,"y":-0.18252408504486085,"z":1.6185355186462403},"rotation":{"x":0.148539736866951,"y":0.37661847472190859,"z":-0.061318639665842059,"w":0.9123284220695496},"size":4.211666584014893,"orthographic":true}