{"cameraMode":{"drawMode":0,"name":"Shaded","section":"Shading Mode"},"sceneLighting":false,"audioPlay":false,"sceneViewState":{"m_AlwaysRefresh":false,"showFog":true,"showSkybox":false,"showFlares":true,"showImageEffects":true,"showParticleSystems":true,"showVisualEffectGraphs":true,"m_FxEnabled":true},"in2DMode":false,"pivot":{"x":0.37701621651649477,"y":0.9119651317596436,"z":1.0001640319824219},"rotation":{"x":0.04680783301591873,"y":0.9530268311500549,"z":-0.20013228058815003,"w":0.22264043986797334},"size":4.451663970947266,"orthographic":true}