{"cameraMode":{"drawMode":0,"name":"Shaded","section":"Shading Mode"},"sceneLighting":false,"audioPlay":false,"sceneViewState":{"m_AlwaysRefresh":false,"showFog":true,"showSkybox":false,"showFlares":true,"showImageEffects":true,"showParticleSystems":true,"showVisualEffectGraphs":true,"m_FxEnabled":true},"in2DMode":false,"pivot":{"x":-0.41800007224082949,"y":0.34986215829849245,"z":0.01699995994567871},"rotation":{"x":-0.32661086320877077,"y":0.5631574988365173,"z":-0.25759464502334597,"w":-0.7140412330627441},"size":0.9907488822937012,"orthographic":true}