{"cameraMode":{"drawMode":0,"name":"Shaded","section":"Shading Mode"},"sceneLighting":false,"audioPlay":false,"sceneViewState":{"m_AlwaysRefresh":false,"showFog":true,"showSkybox":false,"showFlares":true,"showImageEffects":true,"showParticleSystems":true,"showVisualEffectGraphs":true,"m_FxEnabled":true},"in2DMode":false,"pivot":{"x":0.41761794686317446,"y":-0.07561622560024262,"z":0.3435767889022827},"rotation":{"x":0.18098342418670655,"y":-0.20198145508766175,"z":0.0380067452788353,"w":0.9617781043052673},"size":0.895254909992218,"orthographic":true}