{"cameraMode":{"drawMode":0,"name":"Shaded","section":"Shading Mode"},"sceneLighting":false,"audioPlay":false,"sceneViewState":{"m_AlwaysRefresh":false,"showFog":true,"showSkybox":false,"showFlares":true,"showImageEffects":true,"showParticleSystems":true,"showVisualEffectGraphs":true,"m_FxEnabled":true},"in2DMode":false,"pivot":{"x":0.24000006914138795,"y":0.3535630702972412,"z":0.8899997472763062},"rotation":{"x":-0.09104246646165848,"y":-0.0847354456782341,"z":0.007777482271194458,"w":-0.9922206401824951},"size":0.7178362607955933,"orthographic":true}