{"cameraMode":{"drawMode":0,"name":"Shaded","section":"Shading Mode"},"sceneLighting":true,"audioPlay":false,"sceneViewState":{"m_AlwaysRefresh":false,"showFog":true,"showSkybox":true,"showFlares":true,"showImageEffects":true,"showParticleSystems":true,"showVisualEffectGraphs":true,"m_FxEnabled":true},"in2DMode":false,"pivot":{"x":1.7649377584457398,"y":8.497976303100586,"z":12.476181030273438},"rotation":{"x":0.45441484451293948,"y":0.02404792606830597,"z":-0.01226896233856678,"w":0.8903890252113342},"size":3.5926499366760256,"orthographic":true}