{"cameraMode":{"drawMode":0,"name":"Shaded","section":"Shading Mode"},"sceneLighting":true,"audioPlay":false,"sceneViewState":{"m_AlwaysRefresh":false,"showFog":true,"showSkybox":true,"showFlares":true,"showImageEffects":true,"showParticleSystems":true,"showVisualEffectGraphs":true,"m_FxEnabled":true},"in2DMode":false,"pivot":{"x":8.78221607208252,"y":-0.010892391204833985,"z":0.7319519519805908},"rotation":{"x":0.24245744943618775,"y":0.3538244068622589,"z":-0.09689099341630936,"w":0.8987903594970703},"size":14.84156322479248,"orthographic":true}