{"cameraMode":{"drawMode":0,"name":"Shaded","section":"Shading Mode"},"sceneLighting":true,"audioPlay":false,"sceneViewState":{"m_AlwaysRefresh":false,"showFog":true,"showSkybox":true,"showFlares":true,"showImageEffects":true,"showParticleSystems":true,"showVisualEffectGraphs":true,"m_FxEnabled":true},"in2DMode":false,"pivot":{"x":-0.44539308547973635,"y":0.5042284727096558,"z":-0.15469694137573243},"rotation":{"x":0.12079375237226486,"y":0.4163159132003784,"z":-0.05591016262769699,"w":0.8994348049163818},"size":2.62493896484375,"orthographic":true}