{"cameraMode":{"drawMode":0,"name":"Shaded","section":"Shading Mode"},"sceneLighting":false,"audioPlay":false,"sceneViewState":{"m_AlwaysRefresh":false,"showFog":true,"showSkybox":false,"showFlares":true,"showImageEffects":true,"showParticleSystems":true,"showVisualEffectGraphs":true,"m_FxEnabled":true},"in2DMode":false,"pivot":{"x":0.5516151189804077,"y":0.11415903270244599,"z":-0.018040431663393976},"rotation":{"x":0.13205507397651673,"y":-0.5447391867637634,"z":0.08735090494155884,"w":0.8235243558883667},"size":1.261674404144287,"orthographic":true}