{"cameraMode":{"drawMode":0,"name":"Shaded","section":"Shading Mode"},"sceneLighting":false,"audioPlay":false,"sceneViewState":{"m_AlwaysRefresh":false,"showFog":true,"showSkybox":false,"showFlares":true,"showImageEffects":true,"showParticleSystems":true,"showVisualEffectGraphs":true,"m_FxEnabled":true},"in2DMode":false,"pivot":{"x":0.5516151189804077,"y":0.11415903270244599,"z":-0.018040431663393976},"rotation":{"x":0.194357767701149,"y":0.09313201159238816,"z":-0.018539341166615487,"w":0.9763341546058655},"size":1.261674404144287,"orthographic":true}