{"cameraMode":{"drawMode":0,"name":"Shaded","section":"Shading Mode"},"sceneLighting":false,"audioPlay":false,"sceneViewState":{"m_AlwaysRefresh":false,"showFog":true,"showSkybox":false,"showFlares":true,"showImageEffects":true,"showParticleSystems":true,"showVisualEffectGraphs":true,"m_FxEnabled":true},"in2DMode":false,"pivot":{"x":-0.08092755079269409,"y":-0.15328285098075868,"z":-0.3726719617843628},"rotation":{"x":0.07401584833860398,"y":-0.9218558073043823,"z":0.2197396457195282,"w":0.31051263213157656},"size":0.7900714874267578,"orthographic":true}