{"cameraMode":{"drawMode":0,"name":"Shaded","section":"Shading Mode"},"sceneLighting":false,"audioPlay":false,"sceneViewState":{"m_AlwaysRefresh":false,"showFog":true,"showSkybox":false,"showFlares":true,"showImageEffects":true,"showParticleSystems":true,"showVisualEffectGraphs":true,"m_FxEnabled":true},"in2DMode":false,"pivot":{"x":6.288045406341553,"y":5.339527130126953,"z":-0.08903145790100098},"rotation":{"x":0.03247806057333946,"y":0.17686933279037476,"z":-0.0058160326443612579,"w":0.9837068915367127},"size":0.7234739065170288,"orthographic":true}