{"cameraMode":{"drawMode":0,"name":"Shaded","section":"Shading Mode"},"sceneLighting":false,"audioPlay":false,"sceneViewState":{"m_AlwaysRefresh":false,"showFog":true,"showSkybox":false,"showFlares":true,"showImageEffects":true,"showParticleSystems":true,"showVisualEffectGraphs":true,"m_FxEnabled":true},"in2DMode":false,"pivot":{"x":-3.668703079223633,"y":0.10884344577789307,"z":-1.55194091796875},"rotation":{"x":0.05096634477376938,"y":0.023069564253091813,"z":-0.0011619258439168335,"w":0.9984630942344666},"size":5.306241512298584,"orthographic":true}