{"cameraMode":{"drawMode":0,"name":"Shaded","section":"Shading Mode"},"sceneLighting":false,"audioPlay":false,"sceneViewState":{"m_AlwaysRefresh":false,"showFog":true,"showSkybox":false,"showFlares":true,"showImageEffects":true,"showParticleSystems":true,"showVisualEffectGraphs":true,"m_FxEnabled":true},"in2DMode":false,"pivot":{"x":0.8730214834213257,"y":0.3093881607055664,"z":-2.0051608085632326},"rotation":{"x":-0.18414227664470673,"y":0.25758934020996096,"z":-0.05007476732134819,"w":-0.9472593665122986},"size":6.06360387802124,"orthographic":true}