{"cameraMode":{"drawMode":0,"name":"Shaded","section":"Shading Mode"},"sceneLighting":false,"audioPlay":false,"sceneViewState":{"m_AlwaysRefresh":false,"showFog":true,"showSkybox":false,"showFlares":true,"showImageEffects":true,"showParticleSystems":true,"showVisualEffectGraphs":true,"m_FxEnabled":true},"in2DMode":false,"pivot":{"x":2.871798038482666,"y":0.29277098178863528,"z":-3.3722481727600099},"rotation":{"x":0.035821303725242618,"y":-0.09728255122900009,"z":0.0035036883782595398,"w":0.9946061968803406},"size":0.6470479369163513,"orthographic":false}