{"cameraMode":{"drawMode":0,"name":"Shaded","section":"Shading Mode"},"sceneLighting":false,"audioPlay":false,"sceneViewState":{"m_AlwaysRefresh":false,"showFog":true,"showSkybox":false,"showFlares":true,"showImageEffects":true,"showParticleSystems":true,"showVisualEffectGraphs":true,"m_FxEnabled":true},"in2DMode":false,"pivot":{"x":4.543525695800781,"y":2.500519037246704,"z":-6.907970905303955},"rotation":{"x":0.0029010633006691934,"y":-0.9947162866592407,"z":0.09880010038614273,"w":0.029250897467136384},"size":9.253640174865723,"orthographic":true}