{"cameraMode":{"drawMode":0,"name":"Shaded","section":"Shading Mode"},"sceneLighting":false,"audioPlay":false,"sceneViewState":{"m_AlwaysRefresh":false,"showFog":true,"showSkybox":false,"showFlares":true,"showImageEffects":true,"showParticleSystems":true,"showVisualEffectGraphs":true,"m_FxEnabled":true},"in2DMode":false,"pivot":{"x":0.2621009349822998,"y":0.035738348960876468,"z":0.0284271240234375},"rotation":{"x":0.18808329105377198,"y":0.16618531942367555,"z":-0.032264381647109988,"w":0.9674925208091736},"size":5.51509952545166,"orthographic":true}