{"cameraMode":{"drawMode":0,"name":"Shaded","section":"Shading Mode"},"sceneLighting":false,"audioPlay":false,"sceneViewState":{"m_AlwaysRefresh":false,"showFog":true,"showSkybox":false,"showFlares":true,"showImageEffects":true,"showParticleSystems":true,"showVisualEffectGraphs":true,"m_FxEnabled":true},"in2DMode":false,"pivot":{"x":-0.26899999380111697,"y":0.5695925951004028,"z":-1.122999906539917},"rotation":{"x":-0.08722522109746933,"y":0.16096563637256623,"z":-0.014278183691203595,"w":-0.983010470867157},"size":0.9197710156440735,"orthographic":true}