{"cameraMode":{"drawMode":0,"name":"Shaded","section":"Shading Mode"},"sceneLighting":false,"audioPlay":false,"sceneViewState":{"m_AlwaysRefresh":false,"showFog":true,"showSkybox":false,"showFlares":true,"showImageEffects":true,"showParticleSystems":true,"showVisualEffectGraphs":true,"m_FxEnabled":true},"in2DMode":false,"pivot":{"x":-0.3104671835899353,"y":0.0842071920633316,"z":-0.21553993225097657},"rotation":{"x":0.02546210214495659,"y":-0.9646992683410645,"z":0.10166732221841812,"w":0.24160504341125489},"size":1.7898385524749756,"orthographic":true}