{"cameraMode":{"drawMode":0,"name":"Shaded","section":"Shading Mode"},"sceneLighting":false,"audioPlay":false,"sceneViewState":{"m_AlwaysRefresh":false,"showFog":true,"showSkybox":false,"showFlares":true,"showImageEffects":true,"showParticleSystems":true,"showVisualEffectGraphs":true,"m_FxEnabled":true},"in2DMode":false,"pivot":{"x":1.5394340753555298,"y":0.3341386616230011,"z":0.022021204233169557},"rotation":{"x":-0.0029482541140168907,"y":-0.18492873013019563,"z":-0.0005547864711843431,"w":0.9827483296394348},"size":0.38463926315307619,"orthographic":false}