{"cameraMode":{"drawMode":0,"name":"Shaded","section":"Shading Mode"},"sceneLighting":false,"audioPlay":false,"sceneViewState":{"m_AlwaysRefresh":false,"showFog":true,"showSkybox":false,"showFlares":true,"showImageEffects":true,"showParticleSystems":true,"showVisualEffectGraphs":true,"m_FxEnabled":true},"in2DMode":false,"pivot":{"x":-1.1298878192901612,"y":0.40560391545295718,"z":-0.23644155263900758},"rotation":{"x":0.05423406884074211,"y":0.6365758776664734,"z":-0.04495299607515335,"w":0.7679988741874695},"size":1.9510732889175416,"orthographic":true}