{"cameraMode":{"drawMode":0,"name":"Shaded","section":"Shading Mode"},"sceneLighting":false,"audioPlay":false,"sceneViewState":{"m_AlwaysRefresh":false,"showFog":true,"showSkybox":false,"showFlares":true,"showImageEffects":true,"showParticleSystems":true,"showVisualEffectGraphs":true,"m_FxEnabled":true},"in2DMode":false,"pivot":{"x":-1.1211659908294678,"y":0.7114686965942383,"z":-0.6130855679512024},"rotation":{"x":-0.1075851321220398,"y":0.28394606709480288,"z":0.03207632526755333,"w":0.9522666335105896},"size":1.9060646295547486,"orthographic":true}