{"cameraMode":{"drawMode":0,"name":"Shaded","section":"Shading Mode"},"sceneLighting":false,"audioPlay":false,"sceneViewState":{"m_AlwaysRefresh":false,"showFog":true,"showSkybox":false,"showFlares":true,"showImageEffects":true,"showParticleSystems":true,"showVisualEffectGraphs":true,"m_FxEnabled":true},"in2DMode":false,"pivot":{"x":-1.1298878192901612,"y":0.40560391545295718,"z":-0.23644155263900758},"rotation":{"x":0.10499214380979538,"y":0.27575308084487917,"z":-0.03031625784933567,"w":0.9549965262413025},"size":1.9510732889175416,"orthographic":true}